{
	"info": {
		"_postman_id": "8b1a2c3d-4e5f-6a7b-8c9d-0e1f2a3b4c5d",
		"name": "Laravel Ecommerce API",
		"description": "A collection for testing the Laravel Ecommerce API endpoints",
		"schema": "https://schema.getpostman.com/json/collection/v2.1.0/collection.json"
	},
	"item": [
		{
			"name": "Authentication",
			"item": [
				{
					"name": "Register",
					"request": {
						"method": "POST",
						"header": [
							{
								"key": "Accept",
								"value": "application/json",
								"type": "text"
							},
							{
								"key": "Content-Type",
								"value": "application/json",
								"type": "text"
							}
						],
						"body": {
							"mode": "raw",
							"raw": "{\n    \"name\": \"Test User\",\n    \"email\": \"test@example.com\",\n    \"password\": \"password\",\n    \"password_confirmation\": \"password\"\n}"
						},
						"url": {
							"raw": "{{base_url}}/register",
							"host": [
								"{{base_url}}"
							],
							"path": [
								"register"
							]
						}
					},
					"response": []
				},
				{
					"name": "Login",
					"event": [
						{
							"listen": "test",
							"script": {
								"exec": [
									"var jsonData = pm.response.json();",
									"if (jsonData && jsonData.access_token) {",
									"    pm.environment.set(\"token\", jsonData.access_token);",
									"}"
								],
								"type": "text/javascript"
							}
						}
					],
					"request": {
						"method": "POST",
						"header": [
							{
								"key": "Accept",
								"value": "application/json",
								"type": "text"
							},
							{
								"key": "Content-Type",
								"value": "application/json",
								"type": "text"
							}
						],
						"body": {
							"mode": "raw",
							"raw": "{\n    \"email\": \"admin@example.com\",\n    \"password\": \"password\"\n}"
						},
						"url": {
							"raw": "{{base_url}}/login",
							"host": [
								"{{base_url}}"
							],
							"path": [
								"login"
							]
						}
					},
					"response": []
				},
				{
					"name": "Logout",
					"request": {
						"method": "POST",
						"header": [
							{
								"key": "Authorization",
								"value": "Bearer {{token}}",
								"type": "text"
							},
							{
								"key": "Accept",
								"value": "application/json",
								"type": "text"
							}
						],
						"url": {
							"raw": "{{base_url}}/logout",
							"host": [
								"{{base_url}}"
							],
							"path": [
								"logout"
							]
						}
					},
					"response": []
				},
				{
					"name": "Get User Profile",
					"request": {
						"method": "GET",
						"header": [
							{
								"key": "Authorization",
								"value": "Bearer {{token}}",
								"type": "text"
							},
							{
								"key": "Accept",
								"value": "application/json",
								"type": "text"
							}
						],
						"url": {
							"raw": "{{base_url}}/me",
							"host": [
								"{{base_url}}"
							],
							"path": [
								"me"
							]
						}
					},
					"response": []
				},
				{
					"name": "Refresh Token",
					"event": [
						{
							"listen": "test",
							"script": {
								"exec": [
									"var jsonData = pm.response.json();",
									"if (jsonData && jsonData.access_token) {",
									"    pm.environment.set(\"token\", jsonData.access_token);",
									"}"
								],
								"type": "text/javascript"
							}
						}
					],
					"request": {
						"method": "POST",
						"header": [
							{
								"key": "Authorization",
								"value": "Bearer {{token}}",
								"type": "text"
							},
							{
								"key": "Accept",
								"value": "application/json",
								"type": "text"
							}
						],
						"url": {
							"raw": "{{base_url}}/refresh",
							"host": [
								"{{base_url}}"
							],
							"path": [
								"refresh"
							]
						}
					},
					"response": []
				}
			]
		},
		{
			"name": "Products",
			"item": [
				{
					"name": "Get All Products",
					"request": {
						"method": "GET",
						"header": [
							{
								"key": "Authorization",
								"value": "Bearer {{token}}",
								"type": "text"
							},
							{
								"key": "Accept",
								"value": "application/json",
								"type": "text"
							}
						],
						"url": {
							"raw": "{{base_url}}/products",
							"host": [
								"{{base_url}}"
							],
							"path": [
								"products"
							]
						}
					},
					"response": []
				},
				{
					"name": "Get Product By ID",
					"request": {
						"method": "GET",
						"header": [
							{
								"key": "Authorization",
								"value": "Bearer {{token}}",
								"type": "text"
							},
							{
								"key": "Accept",
								"value": "application/json",
								"type": "text"
							}
						],
						"url": {
							"raw": "{{base_url}}/products/1",
							"host": [
								"{{base_url}}"
							],
							"path": [
								"products",
								"1"
							]
						}
					},
					"response": []
				},
				{
					"name": "Create Product",
					"request": {
						"method": "POST",
						"header": [
							{
								"key": "Authorization",
								"value": "Bearer {{token}}",
								"type": "text"
							},
							{
								"key": "Content-Type",
								"value": "application/json",
								"type": "text"
							},
							{
								"key": "Accept",
								"value": "application/json",
								"type": "text"
							}
						],
						"body": {
							"mode": "raw",
							"raw": "{\n    \"name\": \"New Test Product\",\n    \"description\": \"This is a test product\",\n    \"price\": 29.99,\n    \"createdate\": \"2025-04-30\"\n}"
						},
						"url": {
							"raw": "{{base_url}}/products",
							"host": [
								"{{base_url}}"
							],
							"path": [
								"products"
							]
						}
					},
					"response": []
				},
				{
					"name": "Update Product",
					"request": {
						"method": "PUT",
						"header": [
							{
								"key": "Authorization",
								"value": "Bearer {{token}}",
								"type": "text"
							},
							{
								"key": "Content-Type",
								"value": "application/json",
								"type": "text"
							},
							{
								"key": "Accept",
								"value": "application/json",
								"type": "text"
							}
						],
						"body": {
							"mode": "raw",
							"raw": "{\n    \"name\": \"Updated Product Name\",\n    \"description\": \"This is an updated description\",\n    \"price\": 39.99,\n    \"createdate\": \"2025-04-30\"\n}"
						},
						"url": {
							"raw": "{{base_url}}/products/1",
							"host": [
								"{{base_url}}"
							],
							"path": [
								"products",
								"1"
							]
						}
					},
					"response": []
				},
				{
					"name": "Delete Product",
					"request": {
						"method": "DELETE",
						"header": [
							{
								"key": "Authorization",
								"value": "Bearer {{token}}",
								"type": "text"
							},
							{
								"key": "Accept",
								"value": "application/json",
								"type": "text"
							}
						],
						"url": {
							"raw": "{{base_url}}/products/1",
							"host": [
								"{{base_url}}"
							],
							"path": [
								"products",
								"1"
							]
						}
					},
					"response": []
				}
			]
		},
		{
			"name": "Categories",
			"item": [
				{
					"name": "Get All Categories",
					"request": {
						"method": "GET",
						"header": [
							{
								"key": "Authorization",
								"value": "Bearer {{token}}",
								"type": "text"
							},
							{
								"key": "Accept",
								"value": "application/json",
								"type": "text"
							}
						],
						"url": {
							"raw": "{{base_url}}/categories",
							"host": [
								"{{base_url}}"
							],
							"path": [
								"categories"
							]
						}
					},
					"response": []
				},
				{
					"name": "Get Category By ID",
					"request": {
						"method": "GET",
						"header": [
							{
								"key": "Authorization",
								"value": "Bearer {{token}}",
								"type": "text"
							},
							{
								"key": "Accept",
								"value": "application/json",
								"type": "text"
							}
						],
						"url": {
							"raw": "{{base_url}}/categories/1",
							"host": [
								"{{base_url}}"
							],
							"path": [
								"categories",
								"1"
							]
						}
					},
					"response": []
				},
				{
					"name": "Create Category",
					"request": {
						"method": "POST",
						"header": [
							{
								"key": "Authorization",
								"value": "Bearer {{token}}",
								"type": "text"
							},
							{
								"key": "Content-Type",
								"value": "application/json",
								"type": "text"
							},
							{
								"key": "Accept",
								"value": "application/json",
								"type": "text"
							}
						],
						"body": {
							"mode": "raw",
							"raw": "{\n    \"name\": \"New Test Category\",\n    \"slug\": \"new-test-category\",\n    \"description\": \"This is a test category\",\n    \"parent_id\": null\n}"
						},
						"url": {
							"raw": "{{base_url}}/categories",
							"host": [
								"{{base_url}}"
							],
							"path": [
								"categories"
							]
						}
					},
					"response": []
				},
				{
					"name": "Update Category",
					"request": {
						"method": "PUT",
						"header": [
							{
								"key": "Authorization",
								"value": "Bearer {{token}}",
								"type": "text"
							},
							{
								"key": "Content-Type",
								"value": "application/json",
								"type": "text"
							},
							{
								"key": "Accept",
								"value": "application/json",
								"type": "text"
							}
						],
						"body": {
							"mode": "raw",
							"raw": "{\n    \"name\": \"Updated Category Name\",\n    \"slug\": \"updated-category-name\",\n    \"description\": \"This is an updated description\",\n    \"parent_id\": null\n}"
						},
						"url": {
							"raw": "{{base_url}}/categories/1",
							"host": [
								"{{base_url}}"
							],
							"path": [
								"categories",
								"1"
							]
						}
					},
					"response": []
				},
				{
					"name": "Delete Category",
					"request": {
						"method": "DELETE",
						"header": [
							{
								"key": "Authorization",
								"value": "Bearer {{token}}",
								"type": "text"
							},
							{
								"key": "Accept",
								"value": "application/json",
								"type": "text"
							}
						],
						"url": {
							"raw": "{{base_url}}/categories/1",
							"host": [
								"{{base_url}}"
							],
							"path": [
								"categories",
								"1"
							]
						}
					},
					"response": []
				}
			]
		},
		{
			"name": "Orders",
			"item": [
				{
					"name": "Get User Orders",
					"request": {
						"method": "GET",
						"header": [
							{
								"key": "Authorization",
								"value": "Bearer {{token}}",
								"type": "text"
							},
							{
								"key": "Accept",
								"value": "application/json",
								"type": "text"
							}
						],
						"url": {
							"raw": "{{base_url}}/orders",
							"host": [
								"{{base_url}}"
							],
							"path": [
								"orders"
							]
						}
					},
					"response": []
				},
				{
					"name": "Get Order By ID",
					"request": {
						"method": "GET",
						"header": [
							{
								"key": "Authorization",
								"value": "Bearer {{token}}",
								"type": "text"
							},
							{
								"key": "Accept",
								"value": "application/json",
								"type": "text"
							}
						],
						"url": {
							"raw": "{{base_url}}/orders/1",
							"host": [
								"{{base_url}}"
							],
							"path": [
								"orders",
								"1"
							]
						}
					},
					"response": []
				},
				{
					"name": "Create Order",
					"request": {
						"method": "POST",
						"header": [
							{
								"key": "Authorization",
								"value": "Bearer {{token}}",
								"type": "text"
							},
							{
								"key": "Content-Type",
								"value": "application/json",
								"type": "text"
							},
							{
								"key": "Accept",
								"value": "application/json",
								"type": "text"
							}
						],
						"body": {
							"mode": "raw",
							"raw": "{\n    \"total_amount\": 99.98,\n    \"shipping_cost\": 5.00,\n    \"tax_amount\": 10.00,\n    \"shipping_method\": \"Standard Shipping\",\n    \"shipping_address\": \"123 Test Street, Test City, Test Country\",\n    \"billing_address\": \"123 Test Street, Test City, Test Country\",\n    \"notes\": \"Please deliver to the front door\",\n    \"items\": [\n        {\n            \"product_id\": 1,\n            \"quantity\": 2,\n            \"price\": 29.99,\n            \"subtotal\": 59.98\n        },\n        {\n            \"product_id\": 2,\n            \"quantity\": 1,\n            \"price\": 40.00,\n            \"subtotal\": 40.00\n        }\n    ]\n}"
						},
						"url": {
							"raw": "{{base_url}}/orders",
							"host": [
								"{{base_url}}"
							],
							"path": [
								"orders"
							]
						}
					},
					"response": []
				},
				{
					"name": "Update Order Status (Admin)",
					"request": {
						"method": "PUT",
						"header": [
							{
								"key": "Authorization",
								"value": "Bearer {{token}}",
								"type": "text"
							},
							{
								"key": "Content-Type",
								"value": "application/json",
								"type": "text"
							},
							{
								"key": "Accept",
								"value": "application/json",
								"type": "text"
							}
						],
						"body": {
							"mode": "raw",
							"raw": "{\n    \"status\": \"completed\",\n    \"payment_status\": \"paid\",\n    \"paid_at\": \"2023-04-30 15:30:00\"\n}"
						},
						"url": {
							"raw": "{{base_url}}/admin/orders/1",
							"host": [
								"{{base_url}}"
							],
							"path": [
								"admin",
								"orders",
								"1"
							]
						}
					},
					"response": []
				},
				{
					"name": "Get All Orders (Admin)",
					"request": {
						"method": "GET",
						"header": [
							{
								"key": "Authorization",
								"value": "Bearer {{token}}",
								"type": "text"
							},
							{
								"key": "Accept",
								"value": "application/json",
								"type": "text"
							}
						],
						"url": {
							"raw": "{{base_url}}/admin/orders",
							"host": [
								"{{base_url}}"
							],
							"path": [
								"admin",
								"orders"
							]
						}
					},
					"response": []
				}
			]
		},
		{
			"name": "Site Settings",
			"item": [
				{
					"name": "Get Settings",
					"request": {
						"method": "GET",
						"header": [
							{
								"key": "Authorization",
								"value": "Bearer {{token}}",
								"type": "text"
							},
							{
								"key": "Accept",
								"value": "application/json",
								"type": "text"
							}
						],
						"url": {
							"raw": "{{base_url}}/settings",
							"host": [
								"{{base_url}}"
							],
							"path": [
								"settings"
							]
						}
					},
					"response": []
				},
				{
					"name": "Update Settings",
					"request": {
						"method": "POST",
						"header": [
							{
								"key": "Authorization",
								"value": "Bearer {{token}}",
								"type": "text"
							},
							{
								"key": "Content-Type",
								"value": "application/json",
								"type": "text"
							},
							{
								"key": "Accept",
								"value": "application/json",
								"type": "text"
							}
						],
						"body": {
							"mode": "raw",
							"raw": "{\n    \"site_name\": \"My E-commerce Store\",\n    \"site_description\": \"Best products at competitive prices\",\n    \"site_logo\": \"https://example.com/logo.png\",\n    \"contact_email\": \"support@mystore.com\",\n    \"contact_phone\": \"+1234567890\",\n    \"social_links\": {\n        \"facebook\": \"https://facebook.com/mystore\",\n        \"twitter\": \"https://twitter.com/mystore\",\n        \"instagram\": \"https://instagram.com/mystore\"\n    }\n}"
						},
						"url": {
							"raw": "{{base_url}}/settings",
							"host": [
								"{{base_url}}"
							],
							"path": [
								"settings"
							]
						}
					},
					"response": []
				}
			]
		},
		{
			"name": "Miscellaneous",
			"item": [
				{
					"name": "API Test",
					"request": {
						"method": "GET",
						"header": [],
						"url": {
							"raw": "{{base_url}}/test",
							"host": [
								"{{base_url}}"
							],
							"path": [
								"test"
							]
						}
					},
					"response": []
				},
				{
					"name": "Health Check",
					"request": {
						"method": "GET",
						"header": [],
						"url": {
							"raw": "{{base_url}}/health",
							"host": [
								"{{base_url}}"
							],
							"path": [
								"health"
							]
						}
					},
					"response": []
				}
			]
		}
	],
	"event": [
		{
			"listen": "prerequest",
			"script": {
				"type": "text/javascript",
				"exec": [
					"// Automatically add auth token to all requests if available",
					"if (pm.environment.get('token')) {",
					"    pm.request.headers.upsert({",
					"        key: 'Authorization',",
					"        value: 'Bearer ' + pm.environment.get('token')",
					"    });",
					"}"
				]
			}
		}
	],
	"variable": [
		{
			"key": "base_url",
			"value": "http://localhost:8000/api"
		}
	]
} 